title	rating	price	available
A Light in the Attic	Three	51.77	True
Tipping the Velvet	One	53.74	True
Soumission	One	50.1	True
Sharp Objects	Four	47.82	True
Sapiens: A Brief History of Humankind	Five	54.23	True
The Requiem Red	One	22.65	True
The Dirty Little Secrets of Getting Your Dream Job	Four	33.34	True
The Coming Woman: A Novel Based on the Life of the Infamous Feminist, Victoria Woodhull	Three	17.93	True
The Boys in the Boat: Nine Americans and Their Epic Quest for Gold at the 1936 Berlin Olympics	Four	22.6	True
The Black Maria	One	52.15	True
Starving Hearts (Triangular Trade Trilogy, #1)	Two	13.99	True
Shakespeare's Sonnets	Four	20.66	True
Set Me Free	Five	17.46	True
Scott Pilgrim's Precious Little Life (Scott Pilgrim #1)	Five	52.29	True
Rip it Up and Start Again	Five	35.02	True
Our Band Could Be Your Life: Scenes from the American Indie Underground, 1981-1991	Three	57.25	True
Olio	One	23.88	True
Mesaerion: The Best Science Fiction Stories 1800-1849	One	37.59	True
Libertarianism for Beginners	Two	51.33	True
It's Only the Himalayas	Two	45.17	True
In Her Wake	One	12.84	True
How Music Works	Two	37.32	True
Foolproof Preserving: A Guide to Small Batch Jams, Jellies, Pickles, Condiments, and More: A Foolproof Guide to Making Small Batch Jams, Jellies, Pickles, Condiments, and More	Three	30.52	True
Chase Me (Paris Nights #2)	Five	25.27	True
Black Dust	Five	34.53	True
Birdsong: A Story in Pictures	Three	54.64	True
America's Cradle of Quarterbacks: Western Pennsylvania's Football Factory from Johnny Unitas to Joe Montana	Three	22.5	True
Aladdin and His Wonderful Lamp	Three	53.13	True
Worlds Elsewhere: Journeys Around Shakespeareâs Globe	Five	40.3	True
Wall and Piece	Four	44.18	True
The Four Agreements: A Practical Guide to Personal Freedom	Five	17.66	True
The Five Love Languages: How to Express Heartfelt Commitment to Your Mate	Three	31.05	True
The Elephant Tree	Five	23.82	True
The Bear and the Piano	One	36.89	True
Sophie's World	Five	15.94	True
Penny Maybe	Three	33.29	True
Maude (1883-1993):She Grew Up with the country	Two	18.02	True
In a Dark, Dark Wood	One	19.63	True
Behind Closed Doors	Four	52.22	True
You can't bury them all: Poems	Two	33.63	True
Slow States of Collapse: Poems	Three	57.31	True
Reasons to Stay Alive	Two	26.41	True
Private Paris (Private #10)	Five	47.61	True
#HigherSelfie: Wake Up Your Life. Free Your Soul. Find Your Tribe.	Five	23.11	True
Without Borders (Wanderlove #1)	Two	45.07	True
When We Collided	One	31.77	True
We Love You, Charlie Freeman	Five	50.27	True
Untitled Collection: Sabbath Poems 2014	Four	14.27	True
Unseen City: The Majesty of Pigeons, the Discreet Charm of Snails & Other Wonders of the Urban Wilderness	Four	44.18	True
Unicorn Tracks	Three	18.78	True
Unbound: How Eight Technologies Made Us Human, Transformed Society, and Brought Our World to the Brink	One	25.52	True
Tsubasa: WoRLD CHRoNiCLE 2 (Tsubasa WoRLD CHRoNiCLE #2)	One	16.28	True
Throwing Rocks at the Google Bus: How Growth Became the Enemy of Prosperity	Three	31.12	True
This One Summer	Four	19.49	True
Thirst	Five	17.27	True
The Torch Is Passed: A Harding Family Story	One	19.09	True
The Secret of Dreadwillow Carse	One	56.13	True
The Pioneer Woman Cooks: Dinnertime: Comfort Classics, Freezer Food, 16-Minute Meals, and Other Delicious Ways to Solve Supper!	One	56.41	True
The Past Never Ends	Four	56.5	True
The Natural History of Us (The Fine Art of Pretending #2)	Three	45.22	True
The Nameless City (The Nameless City #1)	Four	38.16	True
The Murder That Never Was (Forensic Instincts #5)	Three	54.11	True
The Most Perfect Thing: Inside (and Outside) a Bird's Egg	Four	42.96	True
The Mindfulness and Acceptance Workbook for Anxiety: A Guide to Breaking Free from Anxiety, Phobias, and Worry Using Acceptance and Commitment Therapy	Four	23.89	True
The Life-Changing Magic of Tidying Up: The Japanese Art of Decluttering and Organizing	Three	16.77	True
The Inefficiency Assassin: Time Management Tactics for Working Smarter, Not Longer	Five	20.59	True
The Gutsy Girl: Escapades for Your Life of Epic Adventure	One	37.13	True
The Electric Pencil: Drawings from Inside State Hospital No. 3	One	56.06	True
The Death of Humanity: and the Case for Life	Four	58.11	True
The Bulletproof Diet: Lose up to a Pound a Day, Reclaim Energy and Focus, Upgrade Your Life	Three	49.05	True
The Art Forger	Three	40.76	True
The Age of Genius: The Seventeenth Century and the Birth of the Modern Mind	One	19.73	True
The Activist's Tao Te Ching: Ancient Advice for a Modern Revolution	Five	32.24	True
Spark Joy: An Illustrated Master Class on the Art of Organizing and Tidying Up	Four	41.83	True
Soul Reader	Two	39.58	True
Security	Two	39.25	True
Saga, Volume 6 (Saga (Collected Editions) #6)	Three	25.02	True
Saga, Volume 5 (Saga (Collected Editions) #5)	Two	51.04	True
Reskilling America: Learning to Labor in the Twenty-First Century	Two	19.83	True
Rat Queens, Vol. 3: Demons (Rat Queens (Collected Editions) #11-15)	Three	50.4	True
Princess Jellyfish 2-in-1 Omnibus, Vol. 01 (Princess Jellyfish 2-in-1 Omnibus #1)	Five	13.61	True
Princess Between Worlds (Wide-Awake Princess #5)	Five	13.34	True
Pop Gun War, Volume 1: Gift	One	18.97	True
Political Suicide: Missteps, Peccadilloes, Bad Calls, Backroom Hijinx, Sordid Pasts, Rotten Breaks, and Just Plain Dumb Mistakes in the Annals of American Politics	Two	36.28	True
Patience	Three	10.16	True
Outcast, Vol. 1: A Darkness Surrounds Him (Outcast #1)	Four	15.44	True
orange: The Complete Collection 1 (orange: The Complete Collection #1)	One	48.41	True
Online Marketing for Busy Authors: A Step-By-Step Guide	One	46.35	True
On a Midnight Clear	Three	14.07	True
Obsidian (Lux #1)	Two	14.86	True
My Paris Kitchen: Recipes and Stories	Two	33.37	True
Masks and Shadows	Two	56.4	True
Mama Tried: Traditional Italian Cooking for the Screwed, Crude, Vegan, and Tattooed	Four	14.02	True
Lumberjanes, Vol. 2: Friendship to the Max (Lumberjanes #5-8)	Two	46.91	True
Lumberjanes, Vol. 1: Beware the Kitten Holy (Lumberjanes #1-4)	Three	45.61	True
Lumberjanes Vol. 3: A Terrible Plan (Lumberjanes #9-12)	Two	19.92	True
Layered: Baking, Building, and Styling Spectacular Cakes	One	40.11	True
Judo: Seven Steps to Black Belt (an Introductory Guide for Beginners)	Two	53.9	True
Join	Five	35.67	True
In the Country We Love: My Family Divided	Four	22.0	True
Immunity: How Elie Metchnikoff Changed the Course of Modern Medicine	Five	57.36	True
I Hate Fairyland, Vol. 1: Madly Ever After (I Hate Fairyland (Compilations) #1-5)	Two	29.17	True
I am a Hero Omnibus Volume 1	Three	54.63	True
How to Be Miserable: 40 Strategies You Already Use	One	46.03	True
Her Backup Boyfriend (The Sorensen Family #1)	One	33.97	True
Giant Days, Vol. 2 (Giant Days #5-8)	Two	22.11	True
Forever and Forever: The Courtship of Henry Longfellow and Fanny Appleton	Three	29.69	True
First and First (Five Boroughs #3)	Four	15.97	True
Fifty Shades Darker (Fifty Shades #2)	One	21.96	True
Everydata: The Misinformation Hidden in the Little Data You Consume Every Day	Two	54.35	True
Don't Be a Jerk: And Other Practical Advice from Dogen, Japan's Greatest Zen Master	Two	37.97	True
Danganronpa Volume 1	Four	51.99	True
Crown of Midnight (Throne of Glass #2)	Three	43.29	True
Codename Baboushka, Volume 1: The Conclave of Death	Four	36.72	True
Camp Midnight	Four	17.08	True
Call the Nurse: True Stories of a Country Nurse on a Scottish Isle	Five	29.14	True
Burning	Three	28.81	True
Bossypants	Two	49.46	True
Bitch Planet, Vol. 1: Extraordinary Machine (Bitch Planet (Collected Editions))	Two	37.92	True
Avatar: The Last Airbender: Smoke and Shadow, Part 3 (Smoke and Shadow #3)	Two	28.09	True
Algorithms to Live By: The Computer Science of Human Decisions	One	30.81	True
A World of Flavor: Your Gluten Free Passport	One	42.95	True
A Piece of Sky, a Grain of Rice: A Memoir in Four Meditations	Five	56.76	True
A Murder in Time	One	16.64	True
A Flight of Arrows (The Pathfinders #2)	Five	55.53	True
A Fierce and Subtle Poison	Four	28.13	True
A Court of Thorns and Roses (A Court of Thorns and Roses #1)	One	52.37	True
(Un)Qualified: How God Uses Broken People to Do Big Things	Five	54.0	True
You Are What You Love: The Spiritual Power of Habit	Four	21.87	True
William Shakespeare's Star Wars: Verily, A New Hope (William Shakespeare's Star Wars #4)	Four	43.3	True
Tuesday Nights in 1980	Two	21.04	True
Tracing Numbers on a Train	Three	41.6	True
Throne of Glass (Throne of Glass #1)	Three	35.07	True
Thomas Jefferson and the Tripoli Pirates: The Forgotten War That Changed American History	One	59.64	True
Thirteen Reasons Why	One	52.72	True
The White Cat and the Monk: A Retelling of the Poem âPangur BÃ¡nâ	Four	58.08	True
The Wedding Dress	One	24.12	True
The Vacationers	Four	42.15	True
The Third Wave: An Entrepreneurâs Vision of the Future	Five	12.61	True
The Stranger	Four	17.44	True
The Shadow Hero (The Shadow Hero)	One	33.14	True
The Secret (The Secret #1)	Four	27.37	True
The Regional Office Is Under Attack!	Five	51.36	True
The Psychopath Test: A Journey Through the Madness Industry	Two	36.0	True
The Project	One	10.65	True
The Power of Now: A Guide to Spiritual Enlightenment	Two	43.54	True
The Omnivore's Dilemma: A Natural History of Four Meals	Two	38.21	True
The Nerdy Nummies Cookbook: Sweet Treats for the Geek in All of Us	Five	37.34	True
The Murder of Roger Ackroyd (Hercule Poirot #4)	Four	44.1	True
The Mistake (Off-Campus #2)	Three	43.29	True
The Matchmaker's Playbook (Wingmen Inc. #1)	One	55.85	True
The Love and Lemons Cookbook: An Apple-to-Zucchini Celebration of Impromptu Cooking	Two	37.6	True
The Long Shadow of Small Ghosts: Murder and Memory in an American City	One	10.97	True
The Kite Runner	Four	41.82	True
The House by the Lake	One	36.95	True
The Glittering Court (The Glittering Court #1)	One	44.28	True
The Girl on the Train	Two	55.02	True
The Genius of Birds	One	17.24	True
The Emerald Mystery	Two	23.15	True
The Cookies & Cups Cookbook: 125+ sweet & savory recipes reminding you to Always Eat Dessert First	One	41.25	True
The Bridge to Consciousness: I'm Writing the Bridge Between Science and Our Old and New Beliefs.	Three	32.0	True
The Artist's Way: A Spiritual Path to Higher Creativity	Five	38.49	True
The Art of War	Five	33.34	True
The Argonauts	Two	10.93	True
The 10% Entrepreneur: Live Your Startup Dream Without Quitting Your Day Job	Three	27.55	True
Suddenly in Love (Lake Haven #1)	Two	55.99	True
Something More Than This	Four	16.24	True
Soft Apocalypse	Two	26.12	True
So You've Been Publicly Shamed	Two	12.23	True
Shoe Dog: A Memoir by the Creator of NIKE	Two	23.99	True
Shobu Samurai, Project Aryoku (#3)	Three	29.06	True
Secrets and Lace (Fatal Hearts #1)	One	20.27	True
Scarlett Epstein Hates It Here	Five	43.55	True
Romero and Juliet: A Tragic Tale of Love and Zombies	One	36.94	True
Redeeming Love	Five	20.47	True
Poses for Artists Volume 1 - Dynamic and Sitting Poses: An Essential Reference for Figure Drawing and the Human Form	One	41.06	True
Poems That Make Grown Women Cry	Four	14.19	True
Nightingale, Sing	One	38.28	True
Night Sky with Exit Wounds	One	41.05	True
Mrs. Houdini	Five	30.25	True
Modern Romance	Five	28.26	True
Miss Peregrineâs Home for Peculiar Children (Miss Peregrineâs Peculiar Children #1)	One	10.76	True
Louisa: The Extraordinary Life of Mrs. Adams	Two	16.85	True
Little Red	Three	13.47	True
Library of Souls (Miss Peregrineâs Peculiar Children #3)	Five	48.56	True
Large Print Heart of the Pride	Two	19.15	True
I Had a Nice Time And Other Lies...: How to find love & sh*t like that	Four	57.36	True
Hollow City (Miss Peregrineâs Peculiar Children #2)	One	42.98	True
Grumbles	Two	22.16	True
Full Moon over Noahâs Ark: An Odyssey to Mount Ararat and Beyond	Four	49.43	True
Frostbite (Vampire Academy #2)	Five	29.99	True
Follow You Home	One	21.36	True
First Steps for New Christians (Print Edition)	One	29.0	True
Finders Keepers (Bill Hodges Trilogy #2)	Five	53.53	True
Fables, Vol. 1: Legends in Exile (Fables #1)	Four	41.62	True
Eureka Trivia 6.0	Four	54.59	True
Drive: The Surprising Truth About What Motivates Us	Four	34.95	True
Done Rubbed Out (Reightman & Bailey #1)	Five	37.72	True
Doing It Over (Most Likely To #1)	Three	35.61	True
Deliciously Ella Every Day: Quick and Easy Recipes for Gluten-Free Snacks, Packed Lunches, and Simple Meals	Three	42.16	True
Dark Notes	Five	19.19	True
Daring Greatly: How the Courage to Be Vulnerable Transforms the Way We Live, Love, Parent, and Lead	Three	19.43	True
Close to You	Four	49.46	True
Chasing Heaven: What Dying Taught Me About Living	Two	37.8	True
Big Magic: Creative Living Beyond Fear	Three	30.8	True
Becoming Wise: An Inquiry into the Mystery and Art of Living	Two	27.43	True
Beauty Restored (Riley Family Legacy Novellas #3)	Two	11.11	True
Batman: The Long Halloween (Batman)	Two	36.5	True
Batman: The Dark Knight Returns (Batman)	Five	15.38	True
Ayumi's Violin	Two	15.48	True
Anonymous	Four	46.82	True
Amy Meets the Saints and Sages	Three	18.46	True
Amid the Chaos	One	36.58	True
Amatus	Five	50.54	True
Agnostic: A Spirited Manifesto	Five	12.51	True
Zealot: The Life and Times of Jesus of Nazareth	Three	24.7	True
You (You #1)	Five	43.61	True
Wonder Woman: Earth One, Volume One (Wonder Woman: Earth One #1)	Four	37.34	True
Wild Swans	Two	14.36	True
Why the Right Went Wrong: Conservatism--From Goldwater to the Tea Party and Beyond	Four	52.65	True
Whole Lotta Creativity Going On: 60 Fun and Unusual Exercises to Awaken and Strengthen Your Creativity	Four	38.2	True
What's It Like in Space?: Stories from Astronauts Who've Been There	Two	19.6	True
We Are Robin, Vol. 1: The Vigilante Business (We Are Robin #1)	One	53.9	True
Walt Disney's Alice in Wonderland	Five	12.96	True
V for Vendetta (V for Vendetta Complete)	Four	37.1	True
Until Friday Night (The Field Party #1)	Two	46.31	True
Unbroken: A World War II Story of Survival, Resilience, and Redemption	Two	45.95	True
Twenty Yawns	Two	22.08	True
Through the Woods	Two	25.38	True
This Is Where It Ends	Two	27.12	True
The Year of Magical Thinking	Two	43.04	True
The Wright Brothers	Four	56.8	True
The White Queen (The Cousins' War #1)	Five	25.91	True
The Wedding Pact (The O'Malleys #2)	Three	32.61	True
The Time Keeper	Five	27.88	True
The Testament of Mary	Four	52.67	True
The Star-Touched Queen	Five	46.02	True
The Songs of the Gods	Five	44.48	True
The Song of Achilles	Five	37.4	True
The Rosie Project (Don Tillman #1)	One	54.04	True
The Power of Habit: Why We Do What We Do in Life and Business	Three	16.88	True
The Marriage of Opposites	Four	28.08	True
The Lucifer Effect: Understanding How Good People Turn Evil	One	10.4	True
The Long Haul (Diary of a Wimpy Kid #9)	One	44.07	True
The Loney	One	23.4	True
The Literature Book (Big Ideas Simply Explained)	Three	17.43	True
The Last Mile (Amos Decker #2)	Two	54.21	True
The Immortal Life of Henrietta Lacks	Two	40.67	True
The Hidden Oracle (The Trials of Apollo #1)	Two	52.26	True
The Help Yourself Cookbook for Kids: 60 Easy Plant-Based Recipes Kids Can Make to Stay Healthy and Save the Earth	Three	28.77	True
The Guilty (Will Robie #4)	Two	13.82	True
The First Hostage (J.B. Collins #2)	Three	25.85	True
The Dovekeepers	One	48.78	True
The Darkest Lie	Five	35.35	True
The Bane Chronicles (The Bane Chronicles #1-11)	Four	44.73	True
The Bad-Ass Librarians of Timbuktu: And Their Race to Save the Worldâs Most Precious Manuscripts	One	15.77	True
The 14th Colony (Cotton Malone #11)	One	39.24	True
That Darkness (Gardiner and Renner #1)	One	13.92	True
Tastes Like Fear (DI Marnie Rome #3)	One	10.69	True
Take Me with You	Three	45.21	True
Swell: A Year of Waves	One	45.58	True
Superman Vol. 1: Before Truth (Superman by Gene Luen Yang #1)	Five	11.89	True
Still Life with Bread Crumbs	Three	26.41	True
Steve Jobs	Five	39.5	True
Sorting the Beef from the Bull: The Science of Food Fraud Forensics	Four	44.74	True
Someone Like You (The Harrisons #2)	Five	52.79	True
So Cute It Hurts!!, Vol. 6 (So Cute It Hurts!! #6)	Four	35.43	True
Shtum	Four	55.84	True
See America: A Celebration of Our National Parks & Treasured Sites	Three	48.87	True
salt.	Four	46.78	True
Robin War	Three	47.82	True
Red Hood/Arsenal, Vol. 1: Open for Business (Red Hood/Arsenal #1)	Two	25.48	True
Rain Fish	Three	23.57	True
Quarter Life Poetry: Poems for the Young, Broke and Hangry	Five	50.89	True
Pet Sematary	Three	10.56	True
Overload: How to Unplug, Unwind, and Unleash Yourself from the Pressure of Stress	Three	52.15	True
Once Was a Time	Two	18.28	True
Old School (Diary of a Wimpy Kid #10)	Five	11.83	True
No Dream Is Too High: Life Lessons From a Man Who Walked on the Moon	Two	21.95	True
Naruto (3-in-1 Edition), Vol. 14: Includes Vols. 40, 41 & 42 (Naruto: Omnibus #14)	Two	38.39	True
My Name Is Lucy Barton	One	41.56	True
My Mrs. Brown	Three	24.48	True
My Kind of Crazy	One	40.36	True
Mr. Mercedes (Bill Hodges Trilogy #1)	One	28.9	True
More Than Music (Chasing the Dream #1)	Two	37.61	True
Made to Stick: Why Some Ideas Survive and Others Die	Five	38.85	True
Luis Paints the World	Three	53.95	True
Luckiest Girl Alive	Three	49.83	True
Lowriders to the Center of the Earth (Lowriders in Space #2)	Two	51.51	True
Love Is a Mix Tape (Music #1)	One	18.03	True
Looking for Lovely: Collecting the Moments that Matter	Five	29.14	True
Living Leadership by Insight: A Good Leader Achieves, a Great Leader Builds Monuments	Four	46.91	True
Let It Out: A Journey Through Journaling	Five	26.79	True
Lady Midnight (The Dark Artifices #1)	Five	16.28	True
It's All Easy: Healthy, Delicious Weeknight Meals in under 30 Minutes	One	19.55	True
Island of Dragons (Unwanteds #7)	One	29.65	True
I Know What I'm Doing -- and Other Lies I Tell Myself: Dispatches from a Life Under Construction	Four	25.98	True
I Am Pilgrim (Pilgrim #1)	Four	10.6	True
Hyperbole and a Half: Unfortunate Situations, Flawed Coping Mechanisms, Mayhem, and Other Things That Happened	Five	14.75	True
Hush, Hush (Hush, Hush #1)	Three	47.02	True
Hold Your Breath (Search and Rescue #1)	One	28.82	True
Hamilton: The Revolution	Three	58.79	True
Greek Mythic History	Five	10.23	True
God: The Most Unpleasant Character in All Fiction	Five	30.03	True
Glory over Everything: Beyond The Kitchen House	Three	45.84	True
Feathers: Displays of Brilliant Plumage	Three	49.05	True
Far & Away: Places on the Brink of Change: Seven Continents, Twenty-Five Years	Four	15.06	True
Every Last Word	Three	46.47	True
Eligible (The Austen Project #4)	Three	27.09	True
El Deafo	Five	57.62	True
Eight Hundred Grapes	Four	14.39	True
Eaternity: More than 150 Deliciously Easy Vegan Recipes for a Long, Healthy, Satisfied, Joyful Life	Five	51.75	True
Eat Fat, Get Thin	Two	54.07	True
Don't Get Caught	One	55.35	True
Doctor Sleep (The Shining #2)	Two	40.12	True
Demigods & Magicians: Percy and Annabeth Meet the Kanes (Percy Jackson & Kane Chronicles Crossover #1-3)	Five	37.51	True
Dear Mr. Knightley	Five	11.21	True
Daily Fantasy Sports	One	36.58	True
Crazy Love: Overwhelmed by a Relentless God	Two	47.72	True
Cometh the Hour (The Clifton Chronicles #6)	Three	25.01	True
Code Name Verity (Code Name Verity #1)	Four	22.13	True
Clockwork Angel (The Infernal Devices #1)	One	44.14	True
City of Glass (The Mortal Instruments #3)	Four	56.02	True
City of Fallen Angels (The Mortal Instruments #4)	Four	11.23	True
City of Bones (The Mortal Instruments #1)	One	43.28	True
City of Ashes (The Mortal Instruments #2)	One	47.27	True
Cell	Four	20.29	True
Catching Jordan (Hundred Oaks)	Three	50.83	True
Carry On, Warrior: Thoughts on Life Unarmed	Three	31.85	True
Carrie	Two	46.23	True
Buying In: The Secret Dialogue Between What We Buy and Who We Are	Four	37.8	True
Brain on Fire: My Month of Madness	Five	49.32	True
Batman: Europa	Two	32.01	True
Barefoot Contessa Back to Basics	One	28.01	True
Barefoot Contessa at Home: Everyday Recipes You'll Make Over and Over Again	Five	50.62	True
Balloon Animals	Three	17.03	True
Art Ops Vol. 1	Three	48.8	True
Aristotle and Dante Discover the Secrets of the Universe (Aristotle and Dante Discover the Secrets of the Universe #1)	Four	58.14	True
Angels Walking (Angels Walking #1)	Two	34.2	True
Angels & Demons (Robert Langdon #1)	Three	51.48	True
All the Light We Cannot See	Five	29.87	True
"Adulthood Is a Myth: A ""Sarah's Scribbles"" Collection"	Two	10.9	True
Abstract City	Five	56.37	True
A Time of Torment (Charlie Parker #14)	Five	48.35	True
A Study in Scarlet (Sherlock Holmes #1)	Two	16.73	True
A Series of Catastrophes and Miracles: A True Story of Love, Science, and Cancer	Two	56.48	True
A People's History of the United States	Two	40.79	True
A Man Called Ove	One	39.72	True
A Distant Mirror: The Calamitous 14th Century	Three	14.58	True
A Brush of Wings (Angels Walking #3)	One	55.51	True
1491: New Revelations of the Americas Before Columbus	Three	21.8	True
The Three Searches, Meaning, and the Story	Three	13.33	True
Searching for Meaning in Gailana	One	38.73	True
Rook	Four	37.86	True
My Kitchen Year: 136 Recipes That Saved My Life	Two	11.53	True
13 Hours: The Inside Account of What Really Happened In Benghazi	One	27.06	True
Will You Won't You Want Me?	Three	13.86	True
Tipping Point for Planet Earth: How Close Are We to the Edge?	One	37.55	True
The Star-Touched Queen	Five	32.3	True
The Silent Sister (Riley MacPherson #1)	Five	46.29	True
The Midnight Watch: A Novel of the Titanic and the Californian	One	26.2	True
The Lonely City: Adventures in the Art of Being Alone	Two	33.26	True
The Gray Rhino: How to Recognize and Act on the Obvious Dangers We Ignore	Four	59.15	True
The Golden Condom: And Other Essays on Love Lost and Found	One	39.43	True
The Epidemic (The Program 0.6)	Five	14.44	True
The Dinner Party	Two	56.54	True
The Diary of a Young Girl	Three	59.9	True
The Children	Three	11.88	True
Stars Above (The Lunar Chronicles #4.5)	Two	48.05	True
Snatched: How A Drug Queen Went Undercover for the DEA and Was Kidnapped By Colombian Guerillas	Three	21.21	True
Raspberry Pi Electronics Projects for the Evil Genius	Four	49.67	True
Quench Your Own Thirst: Business Lessons Learned Over a Beer or Two	One	43.14	True
Psycho: Sanitarium (Psycho #1.5)	Five	36.97	True
Poisonous (Max Revere Novels #3)	Three	26.8	True
One with You (Crossfire #5)	Four	15.71	True
No Love Allowed (Dodge Cove #1)	Four	54.65	True
Murder at the 42nd Street Library (Raymond Ambler #1)	Four	54.36	True
Most Wanted	Three	35.28	True
Love, Lies and Spies	Two	20.55	True
How to Speak Golf: An Illustrated Guide to Links Lingo	Five	58.32	True
Hide Away (Eve Duncan #20)	One	11.84	True
Furiously Happy: A Funny Book About Horrible Things	Four	41.46	True
Everyday Italian: 125 Simple and Delicious Recipes	Five	20.1	True
Equal Is Unfair: America's Misguided Fight Against Income Inequality	One	56.86	True
Eleanor & Park	Five	56.51	True
Dirty (Dive Bar #1)	Four	40.83	True
Can You Keep a Secret? (Fear Street Relaunch #4)	One	48.64	True
Boar Island (Anna Pigeon #19)	Three	59.48	True
A Paris Apartment	Four	39.01	True
A la Mode: 120 Recipes in 60 Pairings: Pies, Tarts, Cakes, Crisps, and More Topped with Ice Cream, Gelato, Frozen Custard, and More	One	38.77	True
Troublemaker: Surviving Hollywood and Scientology	Two	48.39	True
The Widow	Two	27.26	True
The Sleep Revolution: Transforming Your Life, One Night at a Time	Four	11.68	True
The Improbability of Love	One	59.45	True
The Art of Startup Fundraising	Three	21.0	True
Take Me Home Tonight (Rock Star Romance #3)	Three	53.98	True
Sleeping Giants (Themis Files #1)	One	48.74	True
Setting the World on Fire: The Brief, Astonishing Life of St. Catherine of Siena	Two	21.15	True
Playing with Fire	Three	13.71	True
Off the Hook (Fishing for Trouble #1)	Three	47.67	True
Mothering Sunday	Two	13.34	True
Mother, Can You Not?	Five	16.89	True
M Train	One	27.18	True
Lilac Girls	Two	17.28	True
Lies and Other Acts of Love	One	45.14	True
Lab Girl	One	40.85	True
Keep Me Posted	Four	20.46	True
It Didn't Start with You: How Inherited Family Trauma Shapes Who We Are and How to End the Cycle	Three	56.27	True
Grey (Fifty Shades #4)	Four	48.49	True
Exit, Pursued by a Bear	Four	51.34	True
Daredevils	Three	16.34	True
Cravings: Recipes for What You Want to Eat	Three	20.5	True
Born for This: How to Find the Work You Were Meant to Do	Five	21.59	True
Arena	Four	21.36	True
Adultery	Five	20.88	True
A Mother's Reckoning: Living in the Aftermath of Tragedy	Three	19.53	True
A Gentleman's Position (Society of Gentlemen #3)	Five	14.75	True
11/22/63	Three	48.48	True
10% Happier: How I Tamed the Voice in My Head, Reduced Stress Without Losing My Edge, and Found Self-Help That Actually Works	Two	24.57	True
10-Day Green Smoothie Cleanse: Lose Up to 15 Pounds in 10 Days!	Five	49.71	True
Without Shame	Five	48.27	True
Watchmen	Four	58.05	True
Unlimited Intuition Now	Four	58.87	True
Underlying Notes	Two	11.82	True
The Shack	One	28.03	True
The New Brand You: Your New Image Makes the Sale for You	Five	44.05	True
The Moosewood Cookbook: Recipes from Moosewood Restaurant, Ithaca, New York	Four	12.34	True
The Flowers Lied	Two	16.68	True
The Fabric of the Cosmos: Space, Time, and the Texture of Reality	One	55.91	True
The Book of Mormon	Three	24.57	True
The Art and Science of Low Carbohydrate Living	Five	52.98	True
The Alien Club	One	54.4	True
Suzie Snowflake: One beautiful flake (a self-esteem story)	Five	54.81	True
Nap-a-Roo	One	25.08	True
NaNo What Now? Finding your editing process, revising your NaNoWriMo book and building a writing career through publishing and beyond	Four	10.41	True
Modern Day Fables	Two	47.44	True
If I Gave You God's Phone Number....: Searching for Spirituality in America	One	20.91	True
Fruits Basket, Vol. 9 (Fruits Basket #9)	Four	33.95	True
Dress Your Family in Corduroy and Denim	Three	43.68	True
Don't Forget Steven	One	33.23	True
Chernobyl 01:23:40: The Incredible True Story of the World's Worst Nuclear Disaster	Two	35.92	True
Art and Fear: Observations on the Perils (and Rewards) of Artmaking	Four	48.63	True
A Shard of Ice (The Black Symphony Saga #1)	Three	56.63	True
A Hero's Curse (The Unseen Chronicles #1)	Three	50.49	True
23 Degrees South: A Tropical Tale of Changing Whether...	Two	35.79	True
Zero to One: Notes on Startups, or How to Build the Future	Three	34.06	True
Why Not Me?	One	17.76	True
When Breath Becomes Air	Two	39.36	True
Vagabonding: An Uncommon Guide to the Art of Long-Term World Travel	Two	36.94	True
The Unlikely Pilgrimage of Harold Fry (Harold Fry #1)	Five	43.62	True
The New Drawing on the Right Side of the Brain	Three	43.02	True
The Midnight Assassin: Panic, Scandal, and the Hunt for America's First Serial Killer	Four	28.45	True
The Martian (The Martian #1)	Two	41.39	True
The High Mountains of Portugal	One	51.15	True
The Grownup	One	35.88	True
The E-Myth Revisited: Why Most Small Businesses Don't Work and What to Do About It	One	36.91	True
South of Sunshine	One	28.93	True
Smarter Faster Better: The Secrets of Being Productive in Life and Business	Five	38.89	True
Silence in the Dark (Logan Point #4)	Three	58.33	True
Shadows of the Past (Logan Point #1)	Five	39.67	True
Roller Girl	Five	14.1	True
Rising Strong	Three	21.82	True
Proofs of God: Classical Arguments from Tertullian to Barth	One	54.21	True
Please Kill Me: The Uncensored Oral History of Punk	Four	31.19	True
Out of Print: City Lights Spotlight No. 14	Five	53.64	True
My Life Next Door (My Life Next Door )	Five	36.39	True
Miller's Valley	Two	58.54	True
Man's Search for Meaning	Three	29.48	True
Love That Boy: What Two Presidents, Eight Road Trips, and My Son Taught Me About a Parent's Expectations	Two	25.06	True
Living Forward: A Proven Plan to Stop Drifting and Get the Life You Want	Three	12.55	True
Les Fleurs du Mal	Five	29.04	True
Left Behind (Left Behind #1)	Two	40.72	True
Kill 'Em and Leave: Searching for James Brown and the American Soul	Five	45.05	True
Kierkegaard: A Christian Missionary to Christians	One	47.13	True
John Vassos: Industrial Design for Modern Life	Four	20.22	True
I'll Give You the Sun	One	56.48	True
I Will Find You	One	44.21	True
Hystopia: A Novel	Four	21.96	True
Howl and Other Poems	Two	40.45	True
History of Beauty	Four	10.29	True
Heaven is for Real: A Little Boy's Astounding Story of His Trip to Heaven and Back	Two	52.86	True
Future Shock (Future Shock #1)	Five	55.65	True
Ender's Game (The Ender Quintet #1)	One	43.64	True
Diary of a Citizen Scientist: Chasing Tiger Beetles and Other New Ways of Engaging the World	One	28.41	True
Death by Leisure: A Cautionary Tale	Four	37.51	True
Brilliant Beacons: A History of the American Lighthouse	Three	11.45	True
Brazen: The Courage to Find the You That's Been Hiding	Two	19.22	True
Between the World and Me	Four	56.91	True
Being Mortal: Medicine and What Matters in the End	Four	55.06	True
A Murder Over a Girl: Justice, Gender, Junior High	Three	13.2	True
32 Yolks	Two	53.63	True
"""Most Blessed of the Patriarchs"": Thomas Jefferson and the Empire of the Imagination"	Five	44.48	True
You Are a Badass: How to Stop Doubting Your Greatness and Start Living an Awesome Life	Three	12.08	True
Wildlife of New York: A Five-Borough Coloring Book	Two	22.14	True
What Happened on Beale Street (Secrets of the South Mysteries #2)	Five	25.37	True
Unreasonable Hope: Finding Faith in the God Who Brings Purpose to Your Pain	Two	46.33	True
Under the Tuscan Sun	Three	37.33	True
Toddlers Are A**holes: It's Not Your Fault	One	25.55	True
The Year of Living Biblically: One Man's Humble Quest to Follow the Bible as Literally as Possible	One	34.72	True
The Whale	Four	35.96	True
The Story of Art	Four	41.14	True
The Origin of Species	Four	10.01	True
The Great Gatsby	Four	36.05	True
The Good Girl	Three	49.03	True
The Glass Castle	One	16.24	True
The Faith of Christopher Hitchens: The Restless Soul of the World's Most Notorious Atheist	One	39.55	True
The Drowning Girls	Three	35.67	True
The Constant Princess (The Tudor Court #1)	Three	16.62	True
The Bourne Identity (Jason Bourne #1)	Four	42.78	True
The Bachelor Girl's Guide to Murder (Herringford and Watts Mysteries #1)	Five	52.3	True
The Art Book	Two	32.34	True
The 7 Habits of Highly Effective People: Powerful Lessons in Personal Change	Four	33.17	True
Team of Rivals: The Political Genius of Abraham Lincoln	Five	20.12	True
Steal Like an Artist: 10 Things Nobody Told You About Being Creative	Two	20.9	True
Sit, Stay, Love	Three	20.9	True
Sister Dear	Four	40.2	True
Shrunken Treasures: Literary Classics, Short, Sweet, and Silly	Three	52.87	True
Rich Dad, Poor Dad	One	51.74	True
Raymie Nightingale	Two	34.41	True
Playing from the Heart	One	32.38	True
Nightstruck: A Novel	Four	50.35	True
Naturally Lean: 125 Nourishing Gluten-Free, Plant-Based Recipes--All Under 300 Calories	Five	11.38	True
Meternity	Three	43.58	True
Memoirs of a Geisha	Three	49.67	True
Like Never Before (Walker Family #2)	Two	28.77	True
Life of Pi	Four	13.22	True
Leave This Song Behind: Teen Poetry at Its Best	Five	51.17	True
King's Folly (The Kinsman Chronicles #1)	Five	39.61	True
John Adams	Four	57.43	True
How to Cook Everything Vegetarian: Simple Meatless Recipes for Great Food (How to Cook Everything)	Four	46.01	True
How to Be a Domestic Goddess: Baking and the Art of Comfort Cooking	Two	28.25	True
Good in Bed (Cannie Shapiro #1)	Five	37.05	True
Fruits Basket, Vol. 7 (Fruits Basket #7)	One	19.57	True
For the Love: Fighting for Grace in a World of Impossible Standards	Three	45.13	True
Finding God in the Ruins: How God Redeems Pain	Two	46.64	True
Every Heart a Doorway (Every Heart A Doorway #1)	Five	12.16	True
Delivering the Truth (Quaker Midwife Mystery #1)	Four	20.89	True
Counted With the Stars (Out from Egypt #1)	Five	17.97	True
Chronicles, Vol. 1	Two	52.6	True
Blue Like Jazz: Nonreligious Thoughts on Christian Spirituality	One	25.77	True
Benjamin Franklin: An American Life	Three	48.19	True
At The Existentialist CafÃ©: Freedom, Being, and apricot cocktails with: Jean-Paul Sartre, Simone de Beauvoir, Albert Camus, Martin Heidegger, Edmund Husserl, Karl Jaspers, Maurice Merleau-Ponty and others	Five	29.93	True
A Summer In Europe	Two	44.34	True
A Short History of Nearly Everything	Five	52.4	True
A Gathering of Shadows (Shades of Magic #2)	Four	44.81	True
The Sound Of Love	Five	57.84	True
The Rise and Fall of the Third Reich: A History of Nazi Germany	Two	39.67	True
The Perks of Being a Wallflower	Three	55.02	True
The Mysterious Affair at Styles (Hercule Poirot #1)	Four	24.8	True
The Man Who Mistook His Wife for a Hat and Other Clinical Tales	Four	59.45	True
The Makings of a Fatherless Child	Two	31.58	True
The Joy of Cooking	Four	43.27	True
The Invention of Wings	One	37.34	True
The Hobbit (Middle-Earth Universe)	Five	17.8	True
The Great Railway Bazaar	One	30.54	True
The Golden Compass (His Dark Materials #1)	One	18.77	True
The God Delusion	Three	46.85	True
The Girl You Left Behind (The Girl You Left Behind #1)	One	15.79	True
The Fellowship of the Ring (The Lord of the Rings #1)	Two	10.27	True
The Collected Poems of W.B. Yeats (The Collected Works of W.B. Yeats #1)	Five	15.42	True
The Barefoot Contessa Cookbook	Five	59.92	True
Tell the Wolves I'm Home	Two	50.96	True
Ship Leaves Harbor: Essays on Travel by a Recovering Journeyman	Three	30.6	True
Pride and Prejudice	Four	19.27	True
Musicophilia: Tales of Music and the Brain	One	46.58	True
Mere Christianity	Three	48.51	True
Me Before You (Me Before You #1)	One	19.02	True
In the Woods (Dublin Murder Squad #1)	Two	38.38	True
In Cold Blood	Four	49.98	True
How to Stop Worrying and Start Living	Five	46.49	True
Give It Back	Two	18.32	True
Girl, Interrupted	Three	42.14	True
Fun Home: A Family Tragicomic	Four	56.59	True
Fruits Basket, Vol. 6 (Fruits Basket #6)	Four	20.96	True
Deception Point	Four	40.32	True
Death Note, Vol. 6: Give-and-Take (Death Note #6)	Three	36.39	True
Catherine the Great: Portrait of a Woman	Four	58.55	True
Better Homes and Gardens New Cook Book	Three	39.61	True
An Unquiet Mind: A Memoir of Moods and Madness	Three	21.3	True
A Year in Provence (Provence #1)	Four	56.88	True
World Without End (The Pillars of the Earth #2)	Four	32.97	True
Will Grayson, Will Grayson (Will Grayson, Will Grayson)	Four	47.31	True
Why Save the Bankers?: And Other Essays on Our Economic and Political Crisis	Two	48.67	True
Where She Went (If I Stay #2)	Four	41.73	True
What If?: Serious Scientific Answers to Absurd Hypothetical Questions	Four	53.68	True
Two Summers	One	14.64	True
This Is Your Brain on Music: The Science of a Human Obsession	One	38.4	True
The Secret Garden	Four	15.08	True
The Raven King (The Raven Cycle #4)	Two	30.57	True
The Raven Boys (The Raven Cycle #1)	Four	57.74	True
The Power Greens Cookbook: 140 Delicious Superfood Recipes	Five	11.05	True
The Metamorphosis	One	28.58	True
The Mathews Men: Seven Brothers and the War Against Hitler's U-boats	Five	42.91	True
The Little Paris Bookshop	Three	24.73	True
The Hiding Place	Four	55.91	True
The Grand Design	Three	13.76	True
The Firm	Three	45.56	True
The Fault in Our Stars	One	47.22	True
The False Prince (The Ascendance Trilogy #1)	Five	56.0	True
The Expatriates	Two	44.58	True
The Dream Thieves (The Raven Cycle #2)	One	34.5	True
The Darkest Corners	Five	11.33	True
The Crossover	Four	38.77	True
The 5th Wave (The 5th Wave #1)	Two	11.83	True
Tell the Wind and Fire	Three	45.51	True
Tell Me Three Things	One	41.81	True
Talking to Girls About Duran Duran: One Young Man's Quest for True Love and a Cooler Haircut	Four	25.15	True
Siddhartha	Five	34.22	True
Shiver (The Wolves of Mercy Falls #1)	Five	16.23	True
Remember Me?	Three	11.48	True
Red Dragon (Hannibal Lecter #1)	Three	23.37	True
Peak: Secrets from the New Science of Expertise	Two	16.28	True
My Mother Was Nuts	Four	31.63	True
Mexican Today: New and Rediscovered Recipes for Contemporary Kitchens	Five	24.91	True
Maybe Something Beautiful: How Art Transformed a Neighborhood	One	22.54	True
Lola and the Boy Next Door (Anna and the French Kiss #2)	Four	23.63	True
Logan Kade (Fallen Crest High #5.5)	Two	13.12	True
Last One Home (New Beginnings #1)	Three	59.98	True
Killing Floor (Jack Reacher #1)	Four	31.49	True
Kill the Boy Band	Five	15.52	True
Isla and the Happily Ever After (Anna and the French Kiss #3)	Five	48.13	True
If I Stay (If I Stay #1)	Five	38.13	True
I Know Why the Caged Bird Sings (Maya Angelou's Autobiography #1)	Two	36.55	True
Harry Potter and the Deathly Hallows (Harry Potter #7)	One	23.32	True
Fruits Basket, Vol. 5 (Fruits Basket #5)	One	16.33	True
Foundation (Foundation (Publication Order) #1)	One	32.42	True
Fool Me Once	One	16.96	True
Find Her (Detective D.D. Warren #8)	One	22.37	True
Evicted: Poverty and Profit in the American City	One	42.27	True
Drama	Two	38.7	True
Dracula the Un-Dead	Five	35.63	True
Digital Fortress	Five	58.0	True
Death Note, Vol. 5: Whiteout (Death Note #5)	One	52.41	True
Data, A Love Story: How I Gamed Online Dating to Meet My Match	Three	32.35	True
Critique of Pure Reason	One	20.75	True
Booked	Five	17.49	True
Blue Lily, Lily Blue (The Raven Cycle #3)	Five	34.13	True
Approval Junkie: Adventures in Caring Too Much	Five	58.81	True
An Abundance of Katherines	Five	10.0	True
America's War for the Greater Middle East: A Military History	Two	51.22	True
Alight (The Generations Trilogy #2)	Four	58.59	True
A Girl's Guide to Moving On (New Beginnings #2)	One	31.3	True
A Game of Thrones (A Song of Ice and Fire #1)	Two	46.42	True
A Feast for Crows (A Song of Ice and Fire #4)	Four	17.21	True
A Clash of Kings (A Song of Ice and Fire #2)	Three	10.79	True
Vogue Colors A to Z: A Fashion Coloring Book	Four	52.35	True
The Shining (The Shining #1)	Three	27.88	True
The Pilgrim's Progress	Two	50.26	True
The Perfect Play (Play by Play #1)	Three	59.99	True
The Passion of Dolssa	Five	28.32	True
The Jazz of Physics: The Secret Link Between Music and the Structure of the Universe	Three	38.71	True
The Hunger Games (The Hunger Games #1)	Five	29.85	True
The Hound of the Baskervilles (Sherlock Holmes #5)	Two	14.82	True
The Gunning of America: Business and the Making of American Gun Culture	Four	16.81	True
The Geography of Bliss: One Grump's Search for the Happiest Places in the World	Two	28.23	True
The Demonists (Demonist #1)	Two	52.11	True
The Demon Prince of Momochi House, Vol. 4 (The Demon Prince of Momochi House #4)	Two	27.88	True
The Bone Hunters (Lexy Vaughan & Steven Macaulay #2)	Three	59.71	True
The Beast (Black Dagger Brotherhood #14)	Five	46.08	True
Some Women	Five	13.73	True
Shopaholic Ties the Knot (Shopaholic #3)	Five	48.39	True
Paper and Fire (The Great Library #2)	Five	49.45	True
Outlander (Outlander #1)	Five	19.67	True
Orchestra of Exiles: The Story of Bronislaw Huberman, the Israel Philharmonic, and the One Thousand Jews He Saved from Nazi Horrors	Three	12.36	True
No One Here Gets Out Alive	Five	20.02	True
Night Shift (Night Shift #1-20)	Four	12.75	True
Needful Things	Four	47.51	True
Mockingjay (The Hunger Games #3)	Four	20.44	True
Misery	Two	34.79	True
Little Women (Little Women #1)	Four	28.07	True
It	Three	25.01	True
Harry Potter and the Sorcerer's Stone (Harry Potter #1)	Three	13.9	True
Harry Potter and the Prisoner of Azkaban (Harry Potter #3)	Four	24.17	True
Harry Potter and the Order of the Phoenix (Harry Potter #5)	Four	31.63	True
Harry Potter and the Half-Blood Prince (Harry Potter #6)	Five	48.75	True
Harry Potter and the Chamber of Secrets (Harry Potter #2)	One	14.74	True
Gone with the Wind	Three	32.49	True
God Is Not Great: How Religion Poisons Everything	One	27.8	True
Girl With a Pearl Earring	One	26.77	True
Fruits Basket, Vol. 4 (Fruits Basket #4)	Four	50.44	True
Far From True (Promise Falls Trilogy #2)	Two	34.93	True
Dark Lover (Black Dagger Brotherhood #1)	One	12.87	True
Confessions of a Shopaholic (Shopaholic #1)	Two	48.94	True
Changing the Game (Play by Play #2)	Three	13.38	True
Candide	Three	58.63	True
Can You Keep a Secret?	One	21.94	True
Atlas Shrugged	Five	26.58	True
Animal Farm	Three	57.22	True
A Walk to Remember	One	56.43	True
A New Earth: Awakening to Your Life's Purpose	Five	55.65	True
A History of God: The 4,000-Year Quest of Judaism, Christianity, and Islam	One	27.62	True
'Salem's Lot	Four	49.56	True
Zero History (Blue Ant #3)	One	34.77	True
Wuthering Heights	Three	17.73	True
World War Z: An Oral History of the Zombie War	One	21.8	True
Wild: From Lost to Found on the Pacific Crest Trail	Three	46.02	True
Where'd You Go, Bernadette	One	18.13	True
When You Are Engulfed in Flames	Five	30.89	True
We the People: The Modern-Day Figures Who Have Reshaped and Affirmed the Founding Fathers' Vision of America	Three	31.95	True
We Are All Completely Beside Ourselves	One	24.04	True
Walk the Edge (Thunder Road #2)	Three	32.36	True
Voyager (Outlander #3)	Five	21.07	True
Very Good Lives: The Fringe Benefits of Failure and the Importance of Imagination	Three	50.66	True
Vegan Vegetarian Omnivore: Dinner for Everyone at the Table	Two	13.66	True
Unstuffed: Decluttering Your Home, Mind, and Soul	One	58.09	True
Under the Banner of Heaven: A Story of Violent Faith	One	30.0	True
Two Boys Kissing	Two	32.74	True
Twilight (Twilight #1)	Two	41.93	True
Twenties Girl	Two	42.8	True
Trespassing Across America: One Man's Epic, Never-Done-Before (and Sort of Illegal) Hike Across the Heartland	One	53.51	True
Three-Martini Lunch	Three	23.21	True
Thinking, Fast and Slow	One	21.14	True
The Wild Robot	Three	56.07	True
The Wicked + The Divine, Vol. 3: Commercial Suicide (The Wicked + The Divine)	Three	14.41	True
The Undomestic Goddess	Four	45.75	True
The Travelers	One	15.77	True
The Tipping Point: How Little Things Can Make a Big Difference	Two	10.02	True
The Thing About Jellyfish	One	48.77	True
The Stand	Two	57.86	True
The Smitten Kitchen Cookbook	One	23.59	True
The Silkworm (Cormoran Strike #2)	Five	23.05	True
The Sandman, Vol. 3: Dream Country (The Sandman (volumes) #3)	Five	55.55	True
The Rose & the Dagger (The Wrath and the Dawn #2)	Four	58.64	True
The Road to Little Dribbling: Adventures of an American in Britain (Notes From a Small Island #2)	One	23.21	True
The Rise of Theodore Roosevelt (Theodore Roosevelt #1)	Three	42.57	True
The Restaurant at the End of the Universe (Hitchhiker's Guide to the Galaxy #2)	One	10.92	True
The Rest Is Noise: Listening to the Twentieth Century	One	34.77	True
The Red Tent	Five	35.66	True
The Purpose Driven Life: What on Earth Am I Here for?	Three	37.19	True
The Purest Hook (Second Circle Tattoos #3)	One	12.25	True
The Picture of Dorian Gray	Two	29.7	True
The Paris Wife	Three	36.8	True
The Obsession	One	45.43	True
The Nightingale	Four	26.26	True
The New Guy (and Other Senior Year Distractions)	Three	44.92	True
The Nanny Diaries (Nanny #1)	Five	52.53	True
The Name of God is Mercy	Two	37.25	True
The Maze Runner (The Maze Runner #1)	One	20.93	True
The Lover's Dictionary	Two	58.09	True
The Lonely Ones	Five	43.59	True
The Lean Startup: How Today's Entrepreneurs Use Continuous Innovation to Create Radically Successful Businesses	Three	33.92	True
The Last Painting of Sara de Vos	Two	55.55	True
The Land of 10,000 Madonnas	Four	29.64	True
The Infinities	One	27.41	True
The Husband's Secret	Five	52.51	True
The Hitchhiker's Guide to the Galaxy (Hitchhiker's Guide to the Galaxy #1)	Three	47.8	True
The Guns of August	Two	14.54	True
The Guernsey Literary and Potato Peel Pie Society	One	49.53	True
The Goldfinch	Three	43.58	True
The Giver (The Giver Quartet #1)	One	12.3	True
The Girl with All the Gifts	Three	49.47	True
The Girl Who Played with Fire (Millennium Trilogy #2)	Two	22.14	True
The Girl Who Kicked the Hornet's Nest (Millennium Trilogy #3)	One	57.48	True
The Exiled	Three	43.45	True
The End of Faith: Religion, Terror, and the Future of Reason	Four	22.13	True
The Elegant Universe: Superstrings, Hidden Dimensions, and the Quest for the Ultimate Theory	Four	13.03	True
The Disappearing Spoon: And Other True Tales of Madness, Love, and the History of the World from the Periodic Table of the Elements	Five	57.35	True
The Devil Wears Prada (The Devil Wears Prada #1)	One	44.29	True
The Demon-Haunted World: Science as a Candle in the Dark	Four	52.25	True
The Day the Crayons Came Home (Crayons)	Five	26.33	True
The Da Vinci Code (Robert Langdon #2)	Two	22.96	True
The Cuckoo's Calling (Cormoran Strike #1)	One	19.21	True
The Complete Stories and Poems (The Works of Edgar Allan Poe [Cameo Edition])	Four	26.78	True
The Complete Poems	Five	41.32	True
The Catcher in the Rye	One	24.55	True
The Cat in the Hat (Beginner Books B-1)	Two	16.26	True
The Case for Christ (Cases for Christianity)	One	47.84	True
The Book Thief	Two	53.49	True
The Book of Basketball: The NBA According to The Sports Guy	Five	44.84	True
The Blind Side: Evolution of a Game	Five	53.71	True
The Autobiography of Malcolm X	Two	23.43	True
The Art of Simple Food: Notes, Lessons, and Recipes from a Delicious Revolution	Three	34.32	True
The Art of Fielding	One	22.1	True
Surely You're Joking, Mr. Feynman!: Adventures of a Curious Character	Two	25.83	True
Stiff: The Curious Lives of Human Cadavers	Three	36.74	True
Spilled Milk: Based on a True Story	One	49.51	True
Something Borrowed (Darcy & Rachel #1)	Five	48.96	True
Something Blue (Darcy & Rachel #2)	One	54.62	True
Soldier (Talon #3)	Two	24.72	True
Shopaholic & Baby (Shopaholic #5)	Two	46.45	True
Seven Days in the Art World	Two	52.33	True
Seven Brief Lessons on Physics	Four	30.6	True
Scarlet (The Lunar Chronicles #2)	Four	14.57	True
Sarah's Key	One	46.29	True
Saga, Volume 3 (Saga (Collected Editions) #3)	Five	21.57	True
Running with Scissors	Four	12.91	True
Rogue Lawyer (Rogue Lawyer #1)	Three	50.11	True
Rise of the Rocket Girls: The Women Who Propelled Us, from Missiles to the Moon to Mars	Four	41.67	True
Rework	Two	44.88	True
Reservations for Two	Three	11.1	True
Red: The True Story of Red Riding Hood	Three	28.54	True
Ready Player One	Four	19.07	True
Quiet: The Power of Introverts in a World That Can't Stop Talking	One	43.55	True
Prodigy: The Graphic Novel (Legend: The Graphic Novel #2)	Three	43.63	True
Persepolis: The Story of a Childhood (Persepolis #1-2)	One	39.13	True
Packing for Mars: The Curious Science of Life in the Void	Two	56.68	True
Outliers: The Story of Success	One	14.16	True
Original Fake	Three	31.45	True
Orange Is the New Black	Two	24.61	True
One for the Money (Stephanie Plum #1)	Two	32.87	True
Notes from a Small Island (Notes From a Small Island #1)	One	40.17	True
Night (The Night Trilogy #1)	One	13.51	True
Neither Here nor There: Travels in Europe	Three	38.95	True
Naked	Three	31.69	True
Morning Star (Red Rising #3)	One	29.4	True
Miracles from Heaven: A Little Girl, Her Journey to Heaven, and Her Amazing Story of Healing	One	57.83	True
Midnight Riot (Peter Grant/ Rivers of London - books #1)	Two	55.46	True
Me Talk Pretty One Day	Two	57.6	True
Manuscript Found in Accra	Two	34.98	True
Lust & Wonder	Two	11.87	True
Lila (Gilead #3)	Three	12.47	True
Life, the Universe and Everything (Hitchhiker's Guide to the Galaxy #3)	Two	33.26	True
Life Without a Recipe	Five	59.04	True
Life After Life	Two	26.13	True
Letter to a Christian Nation	One	22.2	True
Let's Pretend This Never Happened: A Mostly True Memoir	One	45.11	True
Legend (Legend #1)	Four	43.69	True
Lean In: Women, Work, and the Will to Lead	One	25.02	True
Lamb: The Gospel According to Biff, Christ's Childhood Pal	Five	55.5	True
Lady Renegades (Rebel Belle #3)	Five	53.04	True
Jurassic Park (Jurassic Park #1)	One	44.97	True
It's Never Too Late to Begin Again: Discovering Creativity and Meaning at Midlife and Beyond	One	42.38	True
Is Everyone Hanging Out Without Me? (And Other Concerns)	Three	20.11	True
Into the Wild	Five	56.7	True
Inferno (Robert Langdon #4)	Five	41.0	True
In the Garden of Beasts: Love, Terror, and an American Family in Hitler's Berlin	Three	28.85	True
If I Run (If I Run #1)	Four	49.97	True
I've Got Your Number	One	19.69	True
I Am Malala: The Girl Who Stood Up for Education and Was Shot by the Taliban	Two	28.88	True
Hungry Girl Clean & Hungry: Easy All-Natural Recipes for Healthy Eating in the Real World	Three	33.14	True
House of Lost Worlds: Dinosaurs, Dynasties, and the Story of Life on Earth	Two	43.7	True
House of Leaves	One	54.89	True
Horrible Bear!	Two	37.52	True
Holidays on Ice	Two	51.07	True
Heir to the Sky	Four	44.07	True
Green Eggs and Ham (Beginner Books B-16)	Four	10.79	True
Grayson, Vol 3: Nemesis (Grayson #3)	One	42.72	True
Gratitude	Five	26.66	True
Gone Girl	Five	37.6	True
Golden (Heart of Dread #3)	Four	42.21	True
Girl in the Blue Coat	Two	46.83	True
Fruits Basket, Vol. 3 (Fruits Basket #3)	Two	45.17	True
Friday Night Lights: A Town, a Team, and a Dream	Three	51.22	True
Fire Bound (Sea Haven/Sisters of the Heart #5)	Four	21.28	True
Fifty Shades Freed (Fifty Shades #3)	Five	15.36	True
Fellside	One	38.62	True
Extreme Prey (Lucas Davenport #26)	Three	25.4	True
Eragon (The Inheritance Cycle #1)	Three	43.87	True
Eclipse (Twilight #3)	One	18.74	True
Dune (Dune #1)	One	54.86	True
Dracula	Three	52.62	True
Do Androids Dream of Electric Sheep? (Blade Runner #1)	One	51.48	True
Disrupted: My Misadventure in the Start-Up Bubble	Five	15.28	True
Dead Wake: The Last Crossing of the Lusitania	Five	39.24	True
David and Goliath: Underdogs, Misfits, and the Art of Battling Giants	One	17.81	True
Darkfever (Fever #1)	One	56.02	True
Dark Places	Five	23.9	True
Crazy Rich Asians (Crazy Rich Asians #1)	Five	49.13	True
Counting Thyme	One	10.62	True
Cosmos	Two	36.17	True
Civilization and Its Discontents	Two	59.95	True
Cinder (The Lunar Chronicles #1)	One	26.09	True
Catastrophic Happiness: Finding Joy in Childhood's Messy Years	Two	37.35	True
Career of Evil (Cormoran Strike #3)	Two	24.72	True
Breaking Dawn (Twilight #4)	Five	35.28	True
Brave Enough	Five	51.32	True
Boy Meets Boy	Three	21.12	True
Born to Run: A Hidden Tribe, Superathletes, and the Greatest Race the World Has Never Seen	Two	27.35	True
Blink: The Power of Thinking Without Thinking	Five	21.74	True
Black Flags: The Rise of ISIS	One	40.87	True
Black Butler, Vol. 1 (Black Butler #1)	One	49.31	True
Big Little Lies	One	22.11	True
Between Shades of Gray	Five	20.79	True
Best of My Love (Fool's Gold #20)	Two	27.41	True
Beowulf	Two	38.35	True
Beautiful Creatures (Caster Chronicles #1)	Five	21.55	True
Awkward	Two	38.02	True
Ash	Four	22.06	True
Are We There Yet?	Three	10.66	True
Are We Smart Enough to Know How Smart Animals Are?	One	56.58	True
Annie on My Mind	Five	36.83	True
And Then There Were None	Two	35.01	True
A Walk in the Woods: Rediscovering America on the Appalachian Trail	Four	30.48	True
A Visit from the Goon Squad	Five	14.08	True
A Storm of Swords (A Song of Ice and Fire #3)	Two	31.22	True
A Heartbreaking Work of Staggering Genius	Five	54.29	True
8 Keys to Mental Health Through Exercise	One	31.04	True
#GIRLBOSS	One	50.96	True
The Suffragettes (Little Black Classics, #96)	Two	11.89	True
The Sense of an Ending	Three	31.38	True
The Sandman, Vol. 2: The Doll's House (The Sandman (volumes) #2)	One	54.81	True
The Course of Love	Three	16.78	True
Sugar Rush (Offensive Line #2)	One	24.42	True
Saga, Volume 2 (Saga (Collected Editions) #2)	Three	11.75	True
Run, Spot, Run: The Ethics of Keeping Pets	One	20.02	True
New Moon (Twilight #2)	Four	12.86	True
Life	Five	31.58	True
Kindle Paperwhite User's Guide	Three	34.0	True
H is for Hawk	Five	57.42	True
Girl Online On Tour (Girl Online #2)	One	53.47	True
Fruits Basket, Vol. 2 (Fruits Basket #2)	Five	11.64	True
Diary of a Minecraft Zombie Book 1: A Scare of a Dare (An Unofficial Minecraft Book)	Four	52.88	True
Y: The Last Man, Vol. 1: Unmanned (Y: The Last Man #1)	Four	18.51	True
While You Were Mine	Five	41.32	True
Where Lightning Strikes (Bleeding Stars #3)	Three	39.77	True
When I'm Gone	Three	51.96	True
Ways of Seeing	Five	39.51	True
Vampire Knight, Vol. 1 (Vampire Knight #1)	One	15.4	True
Vampire Girl (Vampire Girl #1)	Two	53.82	True
Twenty Love Poems and a Song of Despair	Four	30.95	True
Travels with Charley: In Search of America	Five	57.82	True
Three Wishes (River of Time: California #1)	Two	44.18	True
This One Moment (Pushing Limits #1)	One	48.71	True
The Zombie Room	Five	19.69	True
The Wicked + The Divine, Vol. 1: The Faust Act (The Wicked + The Divine)	Two	36.52	True
The Tumor	Five	41.56	True
The Story of Hong Gildong	Four	43.19	True
The Silent Wife	Five	12.34	True
The Silent Twin (Detective Jennifer Knight #3)	Three	36.25	True
The Selfish Gene	One	29.45	True
The Secret Healer	Three	34.56	True
The Sandman, Vol. 1: Preludes and Nocturnes (The Sandman (volumes) #1)	Three	54.12	True
The Republic	Three	33.78	True
The Odyssey	Three	29.64	True
The No. 1 Ladies' Detective Agency (No. 1 Ladies' Detective Agency #1)	Four	57.7	True
The Nicomachean Ethics	One	36.34	True
The Name of the Wind (The Kingkiller Chronicle #1)	Three	50.59	True
The Mirror & the Maze (The Wrath and the Dawn #1.5)	One	29.38	True
The Little Prince	Two	45.42	True
The Light of the Fireflies	One	54.43	True
The Last Girl (The Dominion Trilogy #1)	Two	36.26	True
The Iliad	One	16.16	True
The Hook Up (Game On #1)	Five	36.29	True
The Haters	Five	27.89	True
The Girl You Lost	Five	12.29	True
The Girl In The Ice (DCI Erika Foster #1)	Three	15.85	True
The End of the Jesus Era (An Investigation #1)	One	14.4	True
The Edge of Reason (Bridget Jones #2)	Four	19.18	True
The Complete Maus (Maus #1-2)	Three	10.64	True
The Communist Manifesto	Three	14.76	True
The Bhagavad Gita	Three	57.49	True
The Bette Davis Club	Three	30.66	True
The Art of Not Breathing	Four	40.83	True
Taking Shots (Assassins #1)	Two	18.88	True
Starlark	Three	25.83	True
Skip Beat!, Vol. 01 (Skip Beat! #1)	Three	42.12	True
Sister Sable (The Mad Queen #1)	Three	13.33	True
Shatter Me (Shatter Me #1)	One	42.4	True
Shameless	Three	58.35	True
Shadow Rites (Jane Yellowrock #10)	Four	21.72	True
Settling the Score (The Summer Games #1)	Two	44.91	True
Sense and Sensibility	One	37.46	True
Saga, Volume 1 (Saga (Collected Editions) #1)	One	28.48	True
Rhythm, Chord & Malykhin	Two	28.34	True
Rat Queens, Vol. 1: Sass & Sorcery (Rat Queens (Collected Editions) #1-5)	Five	46.96	True
Paradise Lost (Paradise #1)	One	24.96	True
Paper Girls, Vol. 1 (Paper Girls #1-5)	Four	21.71	True
Ouran High School Host Club, Vol. 1 (Ouran High School Host Club #1)	Three	29.87	True
Origins (Alphas 0.5)	One	28.99	True
One Second (Seven #7)	Two	52.94	True
On the Road (Duluoz Legend)	Three	32.36	True
Old Records Never Die: One Man's Quest for His Vinyl and His Past	Two	55.66	True
Off Sides (Off #1)	Five	39.45	True
Of Mice and Men	Two	47.11	True
Myriad (Prentor #1)	Four	58.75	True
My Perfect Mistake (Over the Top #1)	Two	38.92	True
Ms. Marvel, Vol. 1: No Normal (Ms. Marvel (2014-2015) #1)	Four	39.39	True
Meditations	Two	25.89	True
Matilda	One	28.34	True
Lost Among the Living	Four	27.7	True
Lord of the Flies	Three	24.89	True
Listen to Me (Fusion #1)	Three	58.99	True
Kitchens of the Great Midwest	Five	57.2	True
Jane Eyre	Five	38.43	True
Imperfect Harmony	Four	34.74	True
Icing (Aces Hockey #2)	Four	40.44	True
Hawkeye, Vol. 1: My Life as a Weapon (Hawkeye #1)	Three	45.24	True
Having the Barbarian's Baby (Ice Planet Barbarians #7.5)	Four	34.96	True
Giant Days, Vol. 1 (Giant Days #1-4)	Four	56.76	True
Fruits Basket, Vol. 1 (Fruits Basket #1)	Five	40.28	True
Frankenstein	Two	38.0	True
Forever Rockers (The Rocker #12)	Three	28.8	True
Fighting Fate (Fighting #6)	Three	39.24	True
Emma	Two	32.93	True
Eat, Pray, Love	Three	51.32	True
Deep Under (Walker Security #1)	Five	47.09	True
Choosing Our Religion: The Spiritual Lives of America's Nones	Four	28.42	True
Charlie and the Chocolate Factory (Charlie Bucket #1)	Three	22.85	True
Charity's Cross (Charles Towne Belles #4)	One	41.24	True
Bright Lines	Five	39.07	True
Bridget Jones's Diary (Bridget Jones #1)	One	29.82	True
Bounty (Colorado Mountain #7)	Four	37.26	True
Blood Defense (Samantha Brinkman #1)	Three	20.3	True
Bleach, Vol. 1: Strawberry and the Soul Reapers (Bleach #1)	Five	34.65	True
Beyond Good and Evil	One	43.38	True
Alice in Wonderland (Alice's Adventures in Wonderland #1)	One	55.53	True
Ajin: Demi-Human, Volume 1 (Ajin: Demi-Human #1)	Four	57.06	True
A Spy's Devotion (The Regency Spies of London #1)	Five	16.97	True
1st to Die (Women's Murder Club #1)	One	53.98	True
1,000 Places to See Before You Die	Five	26.08	True
